Zip,County,Rate
43001,Licking,0.07
43002,Franklin,0.0675
43003,Delaware,0.0675
43003,Morrow,0.07
43004,Franklin,0.0675
43004,Licking,0.07
43005,Knox,0.065
43006,Coshocton,0.07
43006,Holmes,0.065
43006,Knox,0.065
43007,Union,0.0675
43008,Licking,0.07
43009,Champaign,0.07
43010,Clark,0.07
43011,Delaware,0.0675
43011,Knox,0.065
43011,Licking,0.07
43011,Morrow,0.07
43013,Licking,0.07
43014,Knox,0.065
43015,Delaware,0.0675
43015,Union,0.0675
43016,Delaware,0.0675
43016,Franklin,0.0675
43016,Union,0.0675
43016,Union (COTA),0.0725
43017,Delaware,0.0675
43017,Delaware (COTA),0.0725
43017,Franklin,0.0675
43017,Union,0.0675
43017,Union (COTA),0.0725
43018,Licking,0.07
43019,Knox,0.065
43019,Morrow,0.07
43019,Richland,0.0675
43021,Delaware,0.0675
43022,Knox,0.065
43023,Licking,0.07
43025,Licking,0.07
43026,Franklin,0.0675
43026,Madison,0.0675
43027,Licking,0.07
43028,Knox,0.065
43029,Madison,0.0675
43029,Union,0.0675
43030,Licking,0.07
43031,Delaware,0.0675
43031,Licking,0.07
43032,Delaware,0.0675
43033,Licking,0.07
43035,Delaware,0.0675
43035,Delaware (COTA),0.0725
43036,Union,0.0675
43037,Knox,0.065
43040,Delaware,0.0675
43040,Union,0.0675
43041,Union,0.0675
43044,Champaign,0.07
43044,Clark,0.07
43044,Madison,0.0675
43045,Champaign,0.07
43045,Union,0.0675
43046,Fairfield,0.065
43046,Licking,0.07
43047,Champaign,0.07
43048,Knox,0.065
43050,Knox,0.065
43050,Licking,0.07
43050,Morrow,0.07
43054,Delaware,0.0675
43054,Franklin,0.0675
43054,Licking,0.07
43055,Licking,0.07
43056,Licking,0.07
43056,Muskingum,0.07
43058,Licking,0.07
43060,Champaign,0.07
43060,Logan,0.07
43060,Union,0.0675
43061,Delaware,0.0675
43061,Union,0.0675
43062,Fairfield,0.065
43062,Franklin,0.0675
43062,Licking,0.07
43062,Licking (COTA),0.075
43064,Delaware,0.0675
43064,Franklin,0.0675
43064,Madison,0.0675
43064,Union,0.0675
43064,Union (COTA),0.0725
43065,Delaware,0.0675
43065,Franklin,0.0675
43066,Delaware,0.0675
43067,Union,0.0675
43068,Fairfield (COTA),0.07
43068,Franklin,0.0675
43068,Licking,0.07
43068,Licking (COTA),0.075
43069,Licking (COTA),0.075
43070,Champaign,0.07
43071,Knox,0.065
43071,Licking,0.07
43072,Champaign,0.07
43073,Licking,0.07
43074,Delaware,0.0675
43074,Licking,0.07
43076,Fairfield,0.065
43076,Licking,0.07
43076,Perry,0.07
43077,Union,0.0675
43078,Champaign,0.07
43078,Clark,0.07
43080,Knox,0.065
43080,Licking,0.07
43081,Delaware,0.0675
43081,Delaware (COTA),0.0725
43081,Franklin,0.0675
43082,Delaware,0.0675
43082,Delaware (COTA),0.0725
43083,Champaign,0.07
43084,Champaign,0.07
43084,Union,0.0675
43085,Franklin,0.0675
43086,Franklin,0.0675
43093,Licking,0.07
43101,Ross,0.07
43102,Fairfield,0.065
43102,Hocking,0.0675
43102,Pickaway,0.07
43103,Fairfield,0.065
43103,Pickaway,0.07
43105,Fairfield,0.065
43106,Fayette,0.07
43107,Fairfield,0.065
43107,Hocking,0.0675
43107,Perry,0.07
43109,Franklin,0.0675
43110,Fairfield,0.065
43110,Fairfield (COTA),0.07
43110,Franklin,0.0675
43110,Pickaway,0.07
43111,Hocking,0.0675
43112,Fairfield,0.065
43113,Fairfield,0.065
43113,Pickaway,0.07
43115,Fayette,0.07
43115,Pickaway,0.07
43115,Ross,0.07
43116,Pickaway,0.07
43117,Pickaway,0.07
43119,Franklin,0.0675
43119,Madison,0.0675
43123,Franklin,0.0675
43125,Franklin,0.0675
43125,Pickaway,0.07
43126,Franklin,0.0675
43127,Hocking,0.0675
43128,Fayette,0.07
43130,Fairfield,0.065
43135,Hocking,0.0675
43135,Pickaway,0.07
43135,Ross,0.07
43136,Fairfield,0.065
43137,Franklin,0.0675
43137,Pickaway,0.07
43138,Hocking,0.0675
43138,Perry,0.07
43140,Clark,0.07
43140,Franklin,0.0675
43140,Madison,0.0675
43142,Fayette,0.07
43143,Fayette,0.07
43143,Madison,0.0675
43143,Pickaway,0.07
43144,Hocking,0.0675
43145,Fayette,0.07
43145,Pickaway,0.07
43145,Ross,0.07
43146,Franklin,0.0675
43146,Madison,0.0675
43146,Pickaway,0.07
43147,Fairfield,0.065
43147,Fairfield (COTA),0.07
43147,Franklin,0.0675
43147,Licking,0.07
43148,Fairfield,0.065
43148,Perry,0.07
43149,Hocking,0.0675
43150,Fairfield,0.065
43150,Perry,0.07
43151,Madison,0.0675
43152,Hocking,0.0675
43152,Vinton,0.07
43153,Clark,0.07
43153,Fayette,0.07
43153,Greene,0.065
43153,Madison,0.0675
43154,Fairfield,0.065
43154,Pickaway,0.07
43155,Fairfield,0.065
43155,Hocking,0.0675
43156,Pickaway,0.07
43157,Fairfield,0.065
43158,Hocking,0.0675
43160,Clinton,0.07
43160,Fayette,0.07
43160,Ross,0.07
43162,Madison,0.0675
43163,Fairfield,0.065
43164,Pickaway,0.07
43164,Ross,0.07
43194,Franklin,0.0675
43195,Franklin,0.0675
43199,Franklin,0.0675
43201,Franklin,0.0675
43202,Franklin,0.0675
43203,Franklin,0.0675
43204,Franklin,0.0675
43205,Franklin,0.0675
43206,Franklin,0.0675
43207,Franklin,0.0675
43209,Franklin,0.0675
43210,Franklin,0.0675
43211,Franklin,0.0675
43212,Franklin,0.0675
43213,Franklin,0.0675
43214,Franklin,0.0675
43215,Franklin,0.0675
43216,Franklin,0.0675
43217,Franklin,0.0675
43218,Franklin,0.0675
43219,Franklin,0.0675
43220,Franklin,0.0675
43221,Franklin,0.0675
43222,Franklin,0.0675
43223,Franklin,0.0675
43224,Franklin,0.0675
43226,Franklin,0.0675
43227,Franklin,0.0675
43228,Franklin,0.0675
43229,Franklin,0.0675
43230,Franklin,0.0675
43231,Franklin,0.0675
43232,Franklin,0.0675
43234,Franklin,0.0675
43235,Delaware,0.0675
43235,Delaware (COTA),0.0725
43235,Franklin,0.0675
43236,Franklin,0.0675
43240,Delaware (COTA),0.0725
43251,Franklin,0.0675
43260,Franklin,0.0675
43268,Franklin,0.0675
43270,Franklin,0.0675
43271,Franklin,0.0675
43272,Franklin,0.0675
43279,Franklin,0.0675
43287,Franklin,0.0675
43291,Franklin,0.0675
43301,Marion,0.07
43302,Crawford,0.07
43302,Marion,0.07
43302,Union,0.0675
43306,Marion,0.07
43310,Hardin,0.07
43310,Logan,0.07
43311,Logan,0.07
43314,Crawford,0.07
43314,Marion,0.07
43314,Morrow,0.07
43315,Marion,0.07
43315,Morrow,0.07
43316,Hancock,0.065
43316,Seneca,0.07
43316,Wyandot,0.07
43317,Morrow,0.07
43318,Champaign,0.07
43318,Logan,0.07
43319,Logan,0.07
43319,Union,0.0675
43320,Morrow,0.07
43321,Morrow,0.07
43322,Marion,0.07
43323,Wyandot,0.07
43324,Logan,0.07
43325,Morrow,0.07
43326,Hardin,0.07
43326,Marion,0.07
43330,Wyandot,0.07
43331,Auglaize,0.07
43331,Hardin,0.07
43331,Logan,0.07
43332,Hardin,0.07
43332,Marion,0.07
43332,Wyandot,0.07
43333,Logan,0.07
43334,Delaware,0.0675
43334,Morrow,0.07
43335,Marion,0.07
43336,Logan,0.07
43337,Marion,0.07
43337,Wyandot,0.07
43338,Morrow,0.07
43340,Hardin,0.07
43340,Union,0.0675
43341,Marion,0.07
43342,Delaware,0.0675
43342,Marion,0.07
43342,Union,0.0675
43343,Champaign,0.07
43343,Logan,0.07
43343,Shelby,0.07
43344,Delaware,0.0675
43344,Marion,0.07
43344,Union,0.0675
43345,Hardin,0.07
43345,Logan,0.07
43345,Union,0.0675
43346,Hardin,0.07
43347,Hardin,0.07
43347,Logan,0.07
43348,Logan,0.07
43349,Morrow,0.07
43350,Morrow,0.07
43351,Wyandot,0.07
43356,Delaware,0.0675
43356,Marion,0.07
43356,Morrow,0.07
43357,Champaign,0.07
43357,Logan,0.07
43358,Logan,0.07
43358,Union,0.0675
43359,Wyandot,0.07
43360,Logan,0.07
43402,Wood,0.065
43403,Wood,0.065
43406,Sandusky,0.07
43406,Wood,0.065
43407,Sandusky,0.07
43408,Ottawa,0.0675
43410,Sandusky,0.07
43412,Lucas,0.0675
43412,Ottawa,0.0675
43413,Wood,0.065
43414,Wood,0.065
43416,Ottawa,0.0675
43416,Sandusky,0.07
43420,Ottawa,0.0675
43420,Sandusky,0.07
43430,Ottawa,0.0675
43430,Sandusky,0.07
43430,Wood,0.065
43431,Sandusky,0.07
43431,Wood,0.065
43432,Ottawa,0.0675
43433,Ottawa,0.0675
43434,Lucas,0.0675
43435,Sandusky,0.07
43436,Ottawa,0.0675
43437,Wood,0.065
43438,Erie,0.065
43439,Ottawa,0.0675
43440,Ottawa,0.0675
43441,Wood,0.065
43442,Ottawa,0.0675
43442,Sandusky,0.07
43443,Sandusky,0.07
43443,Wood,0.065
43445,Lucas,0.0675
43445,Ottawa,0.0675
43446,Ottawa,0.0675
43447,Ottawa,0.0675
43447,Wood,0.065
43449,Ottawa,0.0675
43449,Sandusky,0.07
43450,Sandusky,0.07
43450,Wood,0.065
43451,Wood,0.065
43452,Ottawa,0.0675
43456,Ottawa,0.0675
43457,Sandusky,0.07
43457,Seneca,0.07
43457,Wood,0.065
43458,Ottawa,0.0675
43460,Wood,0.065
43462,Wood,0.065
43463,Wood,0.065
43464,Erie,0.065
43464,Sandusky,0.07
43465,Wood,0.065
43466,Wood,0.065
43467,Wood,0.065
43468,Ottawa,0.0675
43469,Ottawa,0.0675
43469,Sandusky,0.07
43469,Wood,0.065
43501,Williams,0.07
43502,Fulton,0.07
43502,Henry,0.07
43504,Fulton,0.07
43504,Lucas,0.0675
43505,Williams,0.07
43506,Defiance,0.065
43506,Williams,0.07
43510,Henry,0.07
43511,Henry,0.07
43511,Wood,0.065
43512,Defiance,0.065
43512,Henry,0.07
43512,Paulding,0.07
43515,Fulton,0.07
43516,Hancock,0.065
43516,Henry,0.07
43516,Putnam,0.07
43516,Wood,0.065
43517,Defiance,0.065
43517,Williams,0.07
43518,Williams,0.07
43519,Defiance,0.065
43520,Defiance,0.065
43521,Fulton,0.07
43521,Williams,0.07
43522,Henry,0.07
43522,Lucas,0.0675
43522,Wood,0.065
43523,Henry,0.07
43524,Henry,0.07
43525,Wood,0.065
43526,Defiance,0.065
43526,Paulding,0.07
43527,Defiance,0.065
43527,Henry,0.07
43528,Lucas,0.0675
43529,Henry,0.07
43530,Defiance,0.065
43531,Williams,0.07
43532,Fulton,0.07
43532,Henry,0.07
43532,Lucas,0.0675
43533,Fulton,0.07
43534,Henry,0.07
43534,Wood,0.065
43535,Henry,0.07
43536,Defiance,0.065
43537,Lucas,0.0675
43540,Fulton,0.07
43540,Lucas,0.0675
43541,Wood,0.065
43542,Lucas,0.0675
43543,Williams,0.07
43545,Defiance,0.065
43545,Fulton,0.07
43545,Henry,0.07
43547,Lucas,0.0675
43548,Defiance,0.065
43548,Henry,0.07
43548,Putnam,0.07
43549,Defiance,0.065
43550,Henry,0.07
43551,Lucas,0.0675
43551,Wood,0.065
43552,Wood,0.065
43553,Fulton,0.07
43554,Williams,0.07
43555,Henry,0.07
43556,Defiance,0.065
43556,Paulding,0.07
43557,Fulton,0.07
43557,Henry,0.07
43557,Williams,0.07
43558,Fulton,0.07
43558,Lucas,0.0675
43560,Lucas,0.0675
43565,Wood,0.065
43566,Lucas,0.0675
43567,Fulton,0.07
43567,Henry,0.07
43569,Wood,0.065
43570,Fulton,0.07
43570,Williams,0.07
43571,Lucas,0.0675
43601,Lucas,0.0675
43603,Lucas,0.0675
43604,Lucas,0.0675
43605,Lucas,0.0675
43605,Wood,0.065
43606,Lucas,0.0675
43607,Lucas,0.0675
43608,Lucas,0.0675
43609,Lucas,0.0675
43610,Lucas,0.0675
43611,Lucas,0.0675
43612,Lucas,0.0675
43613,Lucas,0.0675
43614,Lucas,0.0675
43615,Lucas,0.0675
43616,Lucas,0.0675
43616,Wood,0.065
43617,Lucas,0.0675
43618,Lucas,0.0675
43619,Wood,0.065
43620,Lucas,0.0675
43623,Lucas,0.0675
43635,Lucas,0.0675
43652,Lucas,0.0675
43654,Wood,0.065
43656,Lucas,0.0675
43657,Lucas,0.0675
43659,Lucas,0.0675
43660,Lucas,0.0675
43661,Lucas,0.0675
43666,Lucas,0.0675
43667,Lucas,0.0675
43681,Lucas,0.0675
43682,Lucas,0.0675
43697,Lucas,0.0675
43699,Lucas,0.0675
43701,Muskingum,0.07
43702,Muskingum,0.07
43711,Noble,0.07
43713,Belmont,0.07
43713,Guernsey,0.07
43716,Belmont,0.07
43716,Monroe,0.07
43717,Noble,0.07
43718,Belmont,0.07
43719,Belmont,0.07
43720,Morgan,0.07
43720,Muskingum,0.07
43721,Licking,0.07
43722,Guernsey,0.07
43723,Guernsey,0.07
43724,Guernsey,0.07
43724,Morgan,0.07
43724,Noble,0.07
43725,Guernsey,0.07
43727,Muskingum,0.07
43728,Athens,0.0675
43728,Morgan,0.07
43730,Perry,0.07
43731,Morgan,0.07
43731,Muskingum,0.07
43731,Perry,0.07
43732,Guernsey,0.07
43732,Muskingum,0.07
43732,Noble,0.07
43733,Guernsey,0.07
43734,Muskingum,0.07
43735,Muskingum,0.07
43736,Guernsey,0.07
43738,Muskingum,0.07
43739,Licking,0.07
43739,Perry,0.07
43740,Licking,0.07
43746,Licking,0.07
43746,Muskingum,0.07
43747,Belmont,0.07
43747,Monroe,0.07
43748,Perry,0.07
43749,Coshocton,0.07
43749,Guernsey,0.07
43749,Tuscarawas,0.065
43750,Guernsey,0.07
43752,Monroe,0.07
43754,Monroe,0.07
43755,Guernsey,0.07
43756,Morgan,0.07
43756,Muskingum,0.07
43757,Monroe,0.07
43758,Morgan,0.07
43759,Belmont,0.07
43760,Licking,0.07
43760,Muskingum,0.07
43760,Perry,0.07
43761,Perry,0.07
43762,Guernsey,0.07
43762,Muskingum,0.07
43764,Perry,0.07
43766,Hocking,0.0675
43766,Perry,0.07
43767,Muskingum,0.07
43768,Guernsey,0.07
43771,Muskingum,0.07
43772,Guernsey,0.07
43772,Noble,0.07
43773,Belmont,0.07
43773,Guernsey,0.07
43773,Monroe,0.07
43773,Noble,0.07
43777,Morgan,0.07
43777,Muskingum,0.07
43777,Perry,0.07
43778,Guernsey,0.07
43779,Noble,0.07
43780,Guernsey,0.07
43780,Noble,0.07
43782,Perry,0.07
43783,Perry,0.07
43786,Monroe,0.07
43787,Morgan,0.07
43787,Washington,0.07
43788,Monroe,0.07
43788,Noble,0.07
43789,Monroe,0.07
43791,Muskingum,0.07
43793,Monroe,0.07
43802,Muskingum,0.07
43803,Coshocton,0.07
43804,Coshocton,0.07
43804,Holmes,0.065
43804,Tuscarawas,0.065
43805,Coshocton,0.07
43811,Coshocton,0.07
43812,Coshocton,0.07
43821,Coshocton,0.07
43821,Muskingum,0.07
43822,Coshocton,0.07
43822,Knox,0.065
43822,Licking,0.07
43822,Muskingum,0.07
43824,Coshocton,0.07
43824,Tuscarawas,0.065
43828,Coshocton,0.07
43830,Licking,0.07
43830,Muskingum,0.07
43832,Coshocton,0.07
43832,Guernsey,0.07
43832,Tuscarawas,0.065
43836,Coshocton,0.07
43837,Guernsey,0.07
43837,Tuscarawas,0.065
43840,Coshocton,0.07
43840,Tuscarawas,0.065
43842,Muskingum,0.07
43843,Coshocton,0.07
43843,Knox,0.065
43844,Coshocton,0.07
43844,Knox,0.065
43845,Coshocton,0.07
43901,Belmont,0.07
43901,Harrison,0.07
43901,Jefferson,0.07
43902,Belmont,0.07
43903,Carroll,0.065
43903,Jefferson,0.07
43905,Belmont,0.07
43906,Belmont,0.07
43907,Harrison,0.07
43907,Jefferson,0.07
43908,Carroll,0.065
43908,Jefferson,0.07
43909,Belmont,0.07
43910,Harrison,0.07
43910,Jefferson,0.07
43912,Belmont,0.07
43913,Jefferson,0.07
43914,Monroe,0.07
43915,Monroe,0.07
43916,Belmont,0.07
43917,Belmont,0.07
43917,Jefferson,0.07
43920,Columbiana,0.07
43925,Jefferson,0.07
43926,Jefferson,0.07
43927,Belmont,0.07
43928,Belmont,0.07
43930,Columbiana,0.07
43930,Jefferson,0.07
43931,Monroe,0.07
43932,Jefferson,0.07
43933,Belmont,0.07
43934,Belmont,0.07
43935,Belmont,0.07
43937,Belmont,0.07
43938,Jefferson,0.07
43939,Jefferson,0.07
43940,Belmont,0.07
43941,Jefferson,0.07
43942,Belmont,0.07
43942,Monroe,0.07
43943,Belmont,0.07
43943,Jefferson,0.07
43944,Jefferson,0.07
43945,Carroll,0.065
43945,Columbiana,0.07
43945,Jefferson,0.07
43946,Monroe,0.07
43947,Belmont,0.07
43948,Jefferson,0.07
43950,Belmont,0.07
43950,Harrison,0.07
43951,Belmont,0.07
43952,Jefferson,0.07
43953,Jefferson,0.07
43961,Jefferson,0.07
43962,Columbiana,0.07
43963,Jefferson,0.07
43964,Jefferson,0.07
43967,Belmont,0.07
43968,Columbiana,0.07
43970,Jefferson,0.07
43971,Belmont,0.07
43971,Jefferson,0.07
43972,Belmont,0.07
43973,Belmont,0.07
43973,Guernsey,0.07
43973,Harrison,0.07
43973,Tuscarawas,0.065
43974,Harrison,0.07
43976,Harrison,0.07
43977,Belmont,0.07
43977,Harrison,0.07
43981,Harrison,0.07
43983,Belmont,0.07
43983,Guernsey,0.07
43983,Harrison,0.07
43984,Harrison,0.07
43985,Belmont,0.07
43986,Carroll,0.065
43986,Harrison,0.07
43988,Carroll,0.065
43988,Harrison,0.07
44001,Lorain,0.0625
44003,Ashtabula,0.065
44004,Ashtabula,0.065
44005,Ashtabula,0.065
44010,Ashtabula,0.065
44011,Lorain,0.0625
44012,Lorain,0.0625
44017,Cuyahoga,0.0775
44021,Geauga,0.065
44022,Cuyahoga,0.0775
44022,Geauga,0.065
44023,Cuyahoga,0.0775
44023,Geauga,0.065
44024,Geauga,0.065
44024,Lake,0.0625
44026,Cuyahoga,0.0775
44026,Geauga,0.065
44026,Lake,0.0625
44028,Lorain,0.0625
44028,Medina,0.065
44030,Ashtabula,0.065
44032,Ashtabula,0.065
44033,Geauga,0.065
44035,Lorain,0.0625
44036,Lorain,0.0625
44039,Lorain,0.0625
44040,Cuyahoga,0.0775
44040,Geauga,0.065
44041,Ashtabula,0.065
44041,Lake,0.0625
44044,Lorain,0.0625
44045,Lake,0.0625
44046,Ashtabula,0.065
44046,Geauga,0.065
44047,Ashtabula,0.065
44048,Ashtabula,0.065
44049,Lorain,0.0625
44050,Lorain,0.0625
44052,Lorain,0.0625
44053,Lorain,0.0625
44054,Lorain,0.0625
44055,Lorain,0.0625
44056,Summit,0.065
44057,Ashtabula,0.065
44057,Geauga,0.065
44057,Lake,0.0625
44060,Geauga,0.065
44060,Lake,0.0625
44061,Lake,0.0625
44062,Ashtabula,0.065
44062,Geauga,0.065
44062,Trumbull,0.065
44064,Ashtabula,0.065
44064,Geauga,0.065
44065,Geauga,0.065
44067,Summit,0.065
44068,Ashtabula,0.065
44070,Cuyahoga,0.0775
44072,Geauga,0.065
44073,Geauga,0.065
44074,Lorain,0.0625
44076,Ashtabula,0.065
44076,Trumbull,0.065
44077,Geauga,0.065
44077,Lake,0.0625
44080,Geauga,0.065
44081,Lake,0.0625
44082,Ashtabula,0.065
44084,Ashtabula,0.065
44085,Ashtabula,0.065
44086,Ashtabula,0.065
44086,Geauga,0.065
44086,Lake,0.0625
44087,Summit,0.065
44088,Ashtabula,0.065
44089,Erie,0.065
44089,Lorain,0.0625
44090,Lorain,0.0625
44090,Medina,0.065
44092,Cuyahoga,0.0775
44092,Lake,0.0625
44093,Ashtabula,0.065
44093,Trumbull,0.065
44094,Lake,0.0625
44095,Lake,0.0625
44096,Lake,0.0625
44097,Lake,0.0625
44099,Ashtabula,0.065
44099,Geauga,0.065
44101,Cuyahoga,0.0775
44102,Cuyahoga,0.0775
44103,Cuyahoga,0.0775
44104,Cuyahoga,0.0775
44105,Cuyahoga,0.0775
44106,Cuyahoga,0.0775
44107,Cuyahoga,0.0775
44108,Cuyahoga,0.0775
44109,Cuyahoga,0.0775
44110,Cuyahoga,0.0775
44111,Cuyahoga,0.0775
44112,Cuyahoga,0.0775
44113,Cuyahoga,0.0775
44114,Cuyahoga,0.0775
44115,Cuyahoga,0.0775
44116,Cuyahoga,0.0775
44117,Cuyahoga,0.0775
44118,Cuyahoga,0.0775
44119,Cuyahoga,0.0775
44120,Cuyahoga,0.0775
44121,Cuyahoga,0.0775
44122,Cuyahoga,0.0775
44123,Cuyahoga,0.0775
44124,Cuyahoga,0.0775
44125,Cuyahoga,0.0775
44126,Cuyahoga,0.0775
44127,Cuyahoga,0.0775
44128,Cuyahoga,0.0775
44129,Cuyahoga,0.0775
44130,Cuyahoga,0.0775
44131,Cuyahoga,0.0775
44132,Cuyahoga,0.0775
44132,Lake,0.0625
44133,Cuyahoga,0.0775
44134,Cuyahoga,0.0775
44135,Cuyahoga,0.0775
44136,Cuyahoga,0.0775
44137,Cuyahoga,0.0775
44138,Cuyahoga,0.0775
44139,Cuyahoga,0.0775
44140,Cuyahoga,0.0775
44141,Cuyahoga,0.0775
44141,Summit,0.065
44142,Cuyahoga,0.0775
44143,Cuyahoga,0.0775
44144,Cuyahoga,0.0775
44145,Cuyahoga,0.0775
44146,Cuyahoga,0.0775
44147,Cuyahoga,0.0775
44149,Cuyahoga,0.0775
44181,Cuyahoga,0.0775
44188,Cuyahoga,0.0775
44190,Cuyahoga,0.0775
44191,Cuyahoga,0.0775
44192,Cuyahoga,0.0775
44193,Cuyahoga,0.0775
44194,Cuyahoga,0.0775
44195,Cuyahoga,0.0775
44198,Cuyahoga,0.0775
44199,Cuyahoga,0.0775
44201,Portage,0.0675
44202,Cuyahoga,0.0775
44202,Geauga,0.065
44202,Portage,0.0675
44202,Summit,0.065
44203,Medina,0.065
44203,Summit,0.065
44203,Wayne,0.0625
44210,Summit,0.065
44211,Portage,0.0675
44212,Medina,0.065
44214,Medina,0.065
44214,Wayne,0.0625
44215,Medina,0.065
44216,Summit,0.065
44216,Wayne,0.0625
44217,Medina,0.065
44217,Wayne,0.0625
44221,Summit,0.065
44222,Summit,0.065
44223,Summit,0.065
44224,Portage,0.0675
44224,Summit,0.065
44230,Medina,0.065
44230,Summit,0.065
44230,Wayne,0.0625
44231,Geauga,0.065
44231,Portage,0.0675
44231,Trumbull,0.065
44232,Summit,0.065
44233,Medina,0.065
44233,Summit,0.065
44234,Geauga,0.065
44234,Portage,0.0675
44235,Ashland,0.0675
44235,Medina,0.065
44236,Portage,0.0675
44236,Summit,0.065
44237,Summit,0.065
44240,Portage,0.0675
44240,Summit,0.065
44241,Portage,0.0675
44242,Portage,0.0675
44243,Portage,0.0675
44250,Summit,0.065
44251,Medina,0.065
44253,Lorain,0.0625
44253,Medina,0.065
44254,Medina,0.065
44255,Portage,0.0675
44256,Lorain,0.0625
44256,Medina,0.065
44256,Summit,0.065
44258,Medina,0.065
44260,Portage,0.0675
44260,Summit,0.065
44262,Summit,0.065
44264,Summit,0.065
44265,Portage,0.0675
44266,Portage,0.0675
44270,Medina,0.065
44270,Wayne,0.0625
44272,Portage,0.0675
44273,Medina,0.065
44273,Wayne,0.0625
44274,Medina,0.065
44275,Lorain,0.0625
44275,Medina,0.065
44276,Wayne,0.0625
44278,Portage,0.0675
44278,Summit,0.065
44280,Lorain,0.0625
44280,Medina,0.065
44281,Medina,0.065
44281,Summit,0.065
44281,Wayne,0.0625
44282,Medina,0.065
44285,Portage,0.0675
44286,Summit,0.065
44287,Ashland,0.0675
44287,Medina,0.065
44287,Wayne,0.0625
44288,Portage,0.0675
44288,Trumbull,0.065
44301,Summit,0.065
44302,Summit,0.065
44303,Summit,0.065
44304,Summit,0.065
44305,Summit,0.065
44306,Summit,0.065
44307,Summit,0.065
44308,Summit,0.065
44309,Summit,0.065
44310,Summit,0.065
44311,Summit,0.065
44312,Portage,0.0675
44312,Summit,0.065
44313,Summit,0.065
44314,Summit,0.065
44315,Summit,0.065
44316,Summit,0.065
44317,Summit,0.065
44319,Summit,0.065
44320,Summit,0.065
44321,Medina,0.065
44321,Summit,0.065
44322,Summit,0.065
44325,Summit,0.065
44326,Summit,0.065
44328,Summit,0.065
44333,Medina,0.065
44333,Summit,0.065
44334,Summit,0.065
44372,Summit,0.065
44393,Summit,0.065
44396,Summit,0.065
44398,Summit,0.065
44399,Summit,0.065
44401,Mahoning,0.0675
44402,Trumbull,0.065
44403,Trumbull,0.065
44404,Trumbull,0.065
44405,Mahoning,0.0675
44406,Mahoning,0.0675
44408,Columbiana,0.07
44408,Mahoning,0.0675
44410,Trumbull,0.065
44411,Portage,0.0675
44412,Mahoning,0.0675
44412,Portage,0.0675
44413,Columbiana,0.07
44415,Columbiana,0.07
44416,Mahoning,0.0675
44417,Trumbull,0.065
44418,Trumbull,0.065
44420,Trumbull,0.065
44422,Mahoning,0.0675
44423,Columbiana,0.07
44424,Trumbull,0.065
44425,Mahoning,0.0675
44425,Trumbull,0.065
44427,Carroll,0.065
44427,Columbiana,0.07
44428,Ashtabula,0.065
44428,Trumbull,0.065
44429,Mahoning,0.0675
44429,Portage,0.0675
44430,Trumbull,0.065
44431,Columbiana,0.07
44432,Columbiana,0.07
44436,Mahoning,0.0675
44437,Mahoning,0.0675
44437,Trumbull,0.065
44438,Trumbull,0.065
44439,Trumbull,0.065
44440,Mahoning,0.0675
44440,Trumbull,0.065
44441,Columbiana,0.07
44442,Mahoning,0.0675
44443,Columbiana,0.07
44443,Mahoning,0.0675
44444,Mahoning,0.0675
44444,Portage,0.0675
44444,Trumbull,0.065
44445,Columbiana,0.07
44446,Trumbull,0.065
44449,Mahoning,0.0675
44449,Portage,0.0675
44450,Trumbull,0.065
44451,Mahoning,0.0675
44452,Mahoning,0.0675
44453,Trumbull,0.065
44454,Columbiana,0.07
44454,Mahoning,0.0675
44455,Columbiana,0.07
44460,Columbiana,0.07
44460,Mahoning,0.0675
44470,Portage,0.0675
44470,Trumbull,0.065
44471,Mahoning,0.0675
44473,Trumbull,0.065
44481,Mahoning,0.0675
44481,Trumbull,0.065
44482,Trumbull,0.065
44483,Trumbull,0.065
44484,Trumbull,0.065
44485,Trumbull,0.065
44486,Trumbull,0.065
44490,Columbiana,0.07
44490,Mahoning,0.0675
44491,Geauga,0.065
44491,Trumbull,0.065
44492,Columbiana,0.07
44493,Columbiana,0.07
44501,Mahoning,0.0675
44502,Mahoning,0.0675
44503,Mahoning,0.0675
44504,Mahoning,0.0675
44504,Trumbull,0.065
44505,Mahoning,0.0675
44505,Trumbull,0.065
44506,Mahoning,0.0675
44507,Mahoning,0.0675
44509,Mahoning,0.0675
44509,Trumbull,0.065
44510,Mahoning,0.0675
44511,Mahoning,0.0675
44512,Mahoning,0.0675
44513,Mahoning,0.0675
44514,Mahoning,0.0675
44515,Mahoning,0.0675
44555,Mahoning,0.0675
44601,Columbiana,0.07
44601,Mahoning,0.0675
44601,Portage,0.0675
44606,Wayne,0.0625
44607,Carroll,0.065
44608,Tuscarawas,0.065
44609,Columbiana,0.07
44609,Mahoning,0.0675
44610,Holmes,0.065
44611,Holmes,0.065
44611,Wayne,0.0625
44612,Tuscarawas,0.065
44614,Summit,0.065
44614,Wayne,0.0625
44615,Carroll,0.065
44617,Holmes,0.065
44618,Wayne,0.0625
44619,Mahoning,0.0675
44620,Carroll,0.065
44621,Carroll,0.065
44621,Harrison,0.07
44621,Tuscarawas,0.065
44622,Tuscarawas,0.065
44624,Holmes,0.065
44624,Tuscarawas,0.065
44624,Wayne,0.0625
44625,Carroll,0.065
44625,Columbiana,0.07
44626,Tuscarawas,0.065
44627,Holmes,0.065
44627,Wayne,0.0625
44628,Holmes,0.065
44628,Knox,0.065
44629,Tuscarawas,0.065
44631,Carroll,0.065
44632,Portage,0.0675
44633,Holmes,0.065
44634,Columbiana,0.07
44636,Wayne,0.0625
44637,Coshocton,0.07
44637,Holmes,0.065
44638,Ashland,0.0675
44638,Holmes,0.065
44638,Wayne,0.0625
44639,Carroll,0.065
44643,Carroll,0.065
44643,Tuscarawas,0.065
44644,Carroll,0.065
44645,Summit,0.065
44645,Wayne,0.0625
44651,Carroll,0.065
44653,Tuscarawas,0.065
44654,Coshocton,0.07
44654,Holmes,0.065
44656,Carroll,0.065
44656,Tuscarawas,0.065
44657,Carroll,0.065
44657,Columbiana,0.07
44659,Wayne,0.0625
44660,Holmes,0.065
44661,Holmes,0.065
44662,Wayne,0.0625
44663,Tuscarawas,0.065
44665,Columbiana,0.07
44666,Wayne,0.0625
44667,Wayne,0.0625
44671,Tuscarawas,0.065
44672,Mahoning,0.0675
44675,Carroll,0.065
44675,Tuscarawas,0.065
44676,Holmes,0.065
44676,Wayne,0.0625
44677,Wayne,0.0625
44678,Tuscarawas,0.065
44679,Tuscarawas,0.065
44680,Tuscarawas,0.065
44681,Holmes,0.065
44681,Tuscarawas,0.065
44682,Tuscarawas,0.065
44683,Harrison,0.07
44683,Tuscarawas,0.065
44685,Summit,0.065
44687,Holmes,0.065
44688,Carroll,0.065
44689,Holmes,0.065
44690,Holmes,0.065
44691,Wayne,0.0625
44693,Harrison,0.07
44695,Carroll,0.065
44695,Harrison,0.07
44697,Tuscarawas,0.065
44699,Guernsey,0.07
44699,Harrison,0.07
44699,Tuscarawas,0.065
44720,Summit,0.065
44730,Carroll,0.065
44802,Hancock,0.065
44802,Seneca,0.07
44802,Wyandot,0.07
44804,Hancock,0.065
44805,Ashland,0.0675
44805,Richland,0.0675
44807,Huron,0.07
44807,Seneca,0.07
44809,Seneca,0.07
44811,Erie,0.065
44811,Huron,0.07
44811,Sandusky,0.07
44811,Seneca,0.07
44813,Knox,0.065
44813,Morrow,0.07
44813,Richland,0.0675
44814,Erie,0.065
44815,Seneca,0.07
44816,Erie,0.065
44817,Hancock,0.065
44817,Wood,0.065
44818,Crawford,0.07
44818,Seneca,0.07
44820,Crawford,0.07
44822,Ashland,0.0675
44822,Knox,0.065
44822,Richland,0.0675
44824,Erie,0.065
44824,Sandusky,0.07
44825,Crawford,0.07
44826,Erie,0.065
44826,Huron,0.07
44827,Crawford,0.07
44827,Richland,0.0675
44828,Seneca,0.07
44830,Hancock,0.065
44830,Seneca,0.07
44830,Wood,0.065
44833,Crawford,0.07
44833,Marion,0.07
44833,Morrow,0.07
44833,Richland,0.0675
44836,Sandusky,0.07
44836,Seneca,0.07
44837,Ashland,0.0675
44837,Huron,0.07
44837,Richland,0.0675
44838,Ashland,0.0675
44839,Erie,0.065
44840,Ashland,0.0675
44840,Wayne,0.0625
44841,Sandusky,0.07
44841,Seneca,0.07
44842,Ashland,0.0675
44842,Holmes,0.065
44842,Knox,0.065
44843,Ashland,0.0675
44843,Richland,0.0675
44844,Seneca,0.07
44844,Wyandot,0.07
44845,Seneca,0.07
44846,Erie,0.065
44846,Huron,0.07
44847,Erie,0.065
44847,Huron,0.07
44848,Ashland,0.0675
44849,Crawford,0.07
44849,Marion,0.07
44849,Wyandot,0.07
44850,Huron,0.07
44851,Ashland,0.0675
44851,Huron,0.07
44851,Lorain,0.0625
44853,Seneca,0.07
44854,Crawford,0.07
44855,Huron,0.07
44856,Crawford,0.07
44857,Erie,0.065
44857,Huron,0.07
44859,Ashland,0.0675
44859,Lorain,0.0625
44860,Crawford,0.07
44861,Seneca,0.07
44862,Richland,0.0675
44864,Ashland,0.0675
44864,Richland,0.0675
44865,Crawford,0.07
44865,Huron,0.07
44865,Richland,0.0675
44866,Ashland,0.0675
44867,Seneca,0.07
44870,Erie,0.065
44871,Erie,0.065
44874,Ashland,0.0675
44875,Crawford,0.07
44875,Richland,0.0675
44878,Ashland,0.0675
44878,Huron,0.07
44878,Richland,0.0675
44880,Ashland,0.0675
44880,Lorain,0.0625
44880,Medina,0.065
44881,Crawford,0.07
44882,Crawford,0.07
44882,Seneca,0.07
44882,Wyandot,0.07
44883,Seneca,0.07
44887,Crawford,0.07
44888,Huron,0.07
44889,Erie,0.065
44889,Huron,0.07
44889,Lorain,0.0625
44890,Huron,0.07
44901,Richland,0.0675
44902,Richland,0.0675
44903,Ashland,0.0675
44903,Morrow,0.07
44903,Richland,0.0675
44904,Morrow,0.07
44904,Richland,0.0675
44905,Richland,0.0675
44906,Richland,0.0675
44907,Richland,0.0675
45001,Hamilton,0.065
45002,Hamilton,0.065
45003,Butler,0.0625
45003,Preble,0.07
45004,Butler,0.0625
45005,Butler,0.0625
45005,Montgomery,0.07
45005,Warren,0.065
45011,Butler,0.0625
45012,Butler,0.0625
45013,Butler,0.0625
45013,Hamilton,0.065
45014,Butler,0.0625
45014,Hamilton,0.065
45015,Butler,0.0625
45018,Butler,0.0625
45025,Butler,0.0625
45026,Butler,0.0625
45030,Butler,0.0625
45030,Hamilton,0.065
45032,Warren,0.065
45033,Hamilton,0.065
45034,Warren,0.065
45036,Butler,0.0625
45036,Warren,0.065
45039,Warren,0.065
45040,Warren,0.065
45041,Hamilton,0.065
45042,Butler,0.0625
45042,Montgomery,0.07
45042,Preble,0.07
45042,Warren,0.065
45043,Butler,0.0625
45044,Butler,0.0625
45044,Warren,0.065
45050,Butler,0.0625
45050,Warren,0.065
45051,Hamilton,0.065
45052,Hamilton,0.065
45053,Butler,0.0625
45054,Warren,0.065
45055,Butler,0.0625
45056,Butler,0.0625
45056,Preble,0.07
45061,Butler,0.0625
45062,Butler,0.0625
45063,Butler,0.0625
45064,Butler,0.0625
45064,Preble,0.07
45065,Warren,0.065
45066,Montgomery,0.07
45066,Warren,0.065
45067,Butler,0.0625
45068,Clinton,0.07
45068,Greene,0.065
45068,Warren,0.065
45069,Butler,0.0625
45069,Hamilton,0.065
45070,Preble,0.07
45071,Butler,0.0625
45101,Adams,0.07
45101,Brown,0.07
45102,Clermont,0.065
45103,Clermont,0.065
45105,Adams,0.07
45106,Brown,0.07
45106,Clermont,0.065
45107,Brown,0.07
45107,Clermont,0.065
45107,Clinton,0.07
45107,Warren,0.065
45110,Highland,0.07
45111,Hamilton,0.065
45112,Clermont,0.065
45113,Clinton,0.07
45113,Warren,0.065
45114,Clinton,0.07
45115,Brown,0.07
45118,Brown,0.07
45118,Clermont,0.065
45118,Highland,0.07
45119,Brown,0.07
45120,Brown,0.07
45120,Clermont,0.065
45121,Brown,0.07
45121,Clermont,0.065
45122,Clermont,0.065
45122,Warren,0.065
45123,Fayette,0.07
45123,Highland,0.07
45123,Ross,0.07
45130,Brown,0.07
45130,Clermont,0.065
45131,Brown,0.07
45132,Highland,0.07
45133,Brown,0.07
45133,Highland,0.07
45133,Pike,0.07
45135,Clinton,0.07
45135,Fayette,0.07
45135,Highland,0.07
45138,Clinton,0.07
45140,Clermont,0.065
45140,Hamilton,0.065
45140,Warren,0.065
45142,Brown,0.07
45142,Clinton,0.07
45142,Highland,0.07
45144,Adams,0.07
45144,Brown,0.07
45145,Clermont,0.065
45146,Clinton,0.07
45147,Clermont,0.065
45148,Brown,0.07
45148,Clinton,0.07
45150,Clermont,0.065
45150,Hamilton,0.065
45152,Warren,0.065
45153,Clermont,0.065
45154,Brown,0.07
45154,Highland,0.07
45155,Highland,0.07
45156,Clermont,0.065
45157,Clermont,0.065
45158,Clermont,0.065
45159,Clinton,0.07
45159,Highland,0.07
45160,Clermont,0.065
45162,Clermont,0.065
45162,Warren,0.065
45164,Clinton,0.07
45166,Clinton,0.07
45167,Brown,0.07
45168,Brown,0.07
45169,Clinton,0.07
45169,Fayette,0.07
45169,Greene,0.065
45171,Brown,0.07
45171,Highland,0.07
45172,Highland,0.07
45174,Hamilton,0.065
45176,Brown,0.07
45176,Clermont,0.065
45177,Clinton,0.07
45201,Hamilton,0.065
45202,Hamilton,0.065
45203,Hamilton,0.065
45204,Hamilton,0.065
45205,Hamilton,0.065
45206,Hamilton,0.065
45207,Hamilton,0.065
45208,Hamilton,0.065
45209,Hamilton,0.065
45211,Hamilton,0.065
45212,Hamilton,0.065
45213,Hamilton,0.065
45214,Hamilton,0.065
45215,Hamilton,0.065
45216,Hamilton,0.065
45217,Hamilton,0.065
45218,Hamilton,0.065
45219,Hamilton,0.065
45220,Hamilton,0.065
45221,Hamilton,0.065
45222,Hamilton,0.065
45223,Hamilton,0.065
45224,Hamilton,0.065
45225,Hamilton,0.065
45226,Hamilton,0.065
45227,Hamilton,0.065
45228,Hamilton,0.065
45229,Hamilton,0.065
45230,Hamilton,0.065
45231,Hamilton,0.065
45232,Hamilton,0.065
45233,Hamilton,0.065
45234,Hamilton,0.065
45235,Hamilton,0.065
45236,Hamilton,0.065
45237,Hamilton,0.065
45238,Hamilton,0.065
45239,Hamilton,0.065
45240,Hamilton,0.065
45241,Butler,0.0625
45241,Hamilton,0.065
45241,Warren,0.065
45242,Hamilton,0.065
45243,Hamilton,0.065
45244,Clermont,0.065
45244,Hamilton,0.065
45245,Clermont,0.065
45246,Butler,0.0625
45246,Hamilton,0.065
45247,Hamilton,0.065
45248,Hamilton,0.065
45249,Hamilton,0.065
45249,Warren,0.065
45250,Hamilton,0.065
45251,Hamilton,0.065
45252,Hamilton,0.065
45253,Hamilton,0.065
45254,Hamilton,0.065
45255,Clermont,0.065
45255,Hamilton,0.065
45258,Hamilton,0.065
45262,Hamilton,0.065
45263,Hamilton,0.065
45264,Hamilton,0.065
45267,Hamilton,0.065
45268,Hamilton,0.065
45269,Hamilton,0.065
45270,Hamilton,0.065
45271,Hamilton,0.065
45273,Hamilton,0.065
45274,Hamilton,0.065
45280,Hamilton,0.065
45296,Hamilton,0.065
45299,Hamilton,0.065
45301,Greene,0.065
45302,Shelby,0.07
45303,Darke,0.07
45304,Darke,0.07
45304,Miami,0.0675
45304,Preble,0.07
45305,Greene,0.065
45306,Auglaize,0.07
45306,Shelby,0.07
45307,Greene,0.065
45308,Darke,0.07
45308,Miami,0.0675
45309,Darke,0.07
45309,Miami,0.0675
45309,Montgomery,0.07
45309,Preble,0.07
45310,Mercer,0.07
45311,Preble,0.07
45312,Champaign,0.07
45312,Miami,0.0675
45314,Greene,0.065
45315,Montgomery,0.07
45316,Greene,0.065
45317,Champaign,0.07
45317,Miami,0.0675
45317,Shelby,0.07
45318,Darke,0.07
45318,Miami,0.0675
45319,Clark,0.07
45320,Preble,0.07
45321,Preble,0.07
45322,Miami,0.0675
45322,Montgomery,0.07
45323,Clark,0.07
45324,Clark,0.07
45324,Greene,0.065
45325,Montgomery,0.07
45325,Preble,0.07
45326,Miami,0.0675
45327,Butler,0.0625
45327,Montgomery,0.07
45327,Preble,0.07
45327,Warren,0.065
45328,Darke,0.07
45330,Preble,0.07
45331,Darke,0.07
45332,Darke,0.07
45333,Shelby,0.07
45334,Logan,0.07
45334,Shelby,0.07
45335,Clinton,0.07
45335,Fayette,0.07
45335,Greene,0.065
45336,Shelby,0.07
45337,Darke,0.07
45337,Miami,0.0675
45338,Montgomery,0.07
45338,Preble,0.07
45339,Miami,0.0675
45340,Shelby,0.07
45341,Clark,0.07
45342,Montgomery,0.07
45342,Warren,0.065
45343,Montgomery,0.07
45344,Champaign,0.07
45344,Clark,0.07
45344,Miami,0.0675
45344,Montgomery,0.07
45345,Montgomery,0.07
45346,Darke,0.07
45347,Darke,0.07
45347,Preble,0.07
45348,Darke,0.07
45349,Clark,0.07
45350,Darke,0.07
45351,Darke,0.07
45352,Darke,0.07
45353,Shelby,0.07
45354,Montgomery,0.07
45356,Miami,0.0675
45356,Shelby,0.07
45358,Darke,0.07
45359,Miami,0.0675
45360,Shelby,0.07
45361,Miami,0.0675
45362,Darke,0.07
45363,Shelby,0.07
45365,Champaign,0.07
45365,Miami,0.0675
45365,Shelby,0.07
45367,Shelby,0.07
45368,Clark,0.07
45368,Greene,0.065
45369,Clark,0.07
45369,Madison,0.0675
45370,Greene,0.065
45371,Miami,0.0675
45371,Montgomery,0.07
45372,Clark,0.07
45373,Miami,0.0675
45374,Miami,0.0675
45377,Miami,0.0675
45377,Montgomery,0.07
45378,Preble,0.07
45380,Darke,0.07
45380,Shelby,0.07
45381,Montgomery,0.07
45381,Preble,0.07
45382,Darke,0.07
45382,Preble,0.07
45383,Darke,0.07
45383,Miami,0.0675
45384,Greene,0.065
45385,Clinton,0.07
45385,Greene,0.065
45387,Clark,0.07
45387,Greene,0.065
45388,Darke,0.07
45388,Mercer,0.07
45388,Shelby,0.07
45389,Champaign,0.07
45390,Darke,0.07
45400,Montgomery,0.07
45401,Montgomery,0.07
45402,Montgomery,0.07
45403,Montgomery,0.07
45404,Montgomery,0.07
45405,Montgomery,0.07
45406,Montgomery,0.07
45408,Montgomery,0.07
45409,Montgomery,0.07
45410,Montgomery,0.07
45412,Montgomery,0.07
45413,Montgomery,0.07
45414,Montgomery,0.07
45415,Montgomery,0.07
45416,Montgomery,0.07
45417,Montgomery,0.07
45418,Montgomery,0.07
45419,Montgomery,0.07
45420,Montgomery,0.07
45422,Montgomery,0.07
45423,Montgomery,0.07
45424,Greene,0.065
45424,Miami,0.0675
45424,Montgomery,0.07
45426,Montgomery,0.07
45427,Montgomery,0.07
45428,Montgomery,0.07
45429,Montgomery,0.07
45430,Greene,0.065
45430,Montgomery,0.07
45431,Greene,0.065
45431,Montgomery,0.07
45432,Greene,0.065
45432,Montgomery,0.07
45433,Greene,0.065
45433,Montgomery,0.07
45434,Greene,0.065
45435,Greene,0.065
45437,Montgomery,0.07
45439,Montgomery,0.07
45440,Greene,0.065
45440,Montgomery,0.07
45441,Montgomery,0.07
45448,Montgomery,0.07
45449,Montgomery,0.07
45454,Montgomery,0.07
45458,Greene,0.065
45458,Montgomery,0.07
45458,Warren,0.065
45459,Greene,0.065
45459,Montgomery,0.07
45463,Montgomery,0.07
45469,Montgomery,0.07
45470,Montgomery,0.07
45475,Montgomery,0.07
45479,Montgomery,0.07
45481,Greene,0.065
45490,Montgomery,0.07
45501,Clark,0.07
45502,Champaign,0.07
45502,Clark,0.07
45503,Clark,0.07
45504,Clark,0.07
45505,Clark,0.07
45506,Clark,0.07
45601,Jackson,0.07
45601,Pike,0.07
45601,Ross,0.07
45612,Highland,0.07
45612,Pike,0.07
45612,Ross,0.07
45613,Jackson,0.07
45613,Pike,0.07
45614,Gallia,0.0675
45614,Meigs,0.065
45616,Adams,0.07
45616,Scioto,0.07
45617,Ross,0.07
45618,Adams,0.07
45619,Lawrence,0.07
45620,Gallia,0.0675
45620,Meigs,0.065
45621,Jackson,0.07
45622,Hocking,0.0675
45622,Vinton,0.07
45623,Gallia,0.0675
45623,Lawrence,0.07
45624,Pike,0.07
45628,Ross,0.07
45629,Lawrence,0.07
45629,Scioto,0.07
45630,Scioto,0.07
45631,Gallia,0.0675
45633,Ross,0.07
45634,Vinton,0.07
45636,Scioto,0.07
45638,Lawrence,0.07
45638,Scioto,0.07
45640,Jackson,0.07
45640,Scioto,0.07
45642,Pike,0.07
45643,Gallia,0.0675
45644,Pickaway,0.07
45644,Ross,0.07
45645,Lawrence,0.07
45646,Pike,0.07
45647,Ross,0.07
45647,Vinton,0.07
45648,Pike,0.07
45648,Scioto,0.07
45650,Adams,0.07
45651,Vinton,0.07
45652,Scioto,0.07
45653,Scioto,0.07
45654,Hocking,0.0675
45654,Vinton,0.07
45656,Gallia,0.0675
45656,Jackson,0.07
45656,Lawrence,0.07
45657,Adams,0.07
45657,Pike,0.07
45657,Scioto,0.07
45658,Gallia,0.0675
45658,Lawrence,0.07
45659,Lawrence,0.07
45659,Scioto,0.07
45660,Adams,0.07
45660,Highland,0.07
45660,Pike,0.07
45660,Scioto,0.07
45661,Pike,0.07
45662,Scioto,0.07
45663,Scioto,0.07
45669,Lawrence,0.07
45671,Adams,0.07
45671,Pike,0.07
45671,Scioto,0.07
45672,Jackson,0.07
45672,Ross,0.07
45672,Vinton,0.07
45673,Ross,0.07
45674,Gallia,0.0675
45675,Lawrence,0.07
45677,Scioto,0.07
45678,Gallia,0.0675
45678,Lawrence,0.07
45679,Adams,0.07
45679,Highland,0.07
45680,Lawrence,0.07
45681,Ross,0.07
45682,Lawrence,0.07
45682,Scioto,0.07
45683,Pike,0.07
45684,Adams,0.07
45684,Scioto,0.07
45685,Gallia,0.0675
45685,Jackson,0.07
45686,Gallia,0.0675
45686,Meigs,0.065
45686,Vinton,0.07
45687,Pike,0.07
45688,Gallia,0.0675
45688,Lawrence,0.07
45690,Pike,0.07
45690,Ross,0.07
45692,Jackson,0.07
45692,Vinton,0.07
45693,Adams,0.07
45694,Scioto,0.07
45695,Vinton,0.07
45696,Lawrence,0.07
45697,Adams,0.07
45697,Brown,0.07
45697,Highland,0.07
45698,Vinton,0.07
45699,Scioto,0.07
45701,Athens,0.0675
45710,Athens,0.0675
45710,Meigs,0.065
45710,Vinton,0.07
45711,Athens,0.0675
45711,Morgan,0.07
45712,Washington,0.07
45713,Washington,0.07
45714,Washington,0.07
45715,Morgan,0.07
45715,Noble,0.07
45715,Washington,0.07
45716,Athens,0.0675
45719,Athens,0.0675
45720,Meigs,0.065
45721,Washington,0.07
45723,Athens,0.0675
45723,Meigs,0.065
45723,Washington,0.07
45724,Washington,0.07
45727,Noble,0.07
45729,Washington,0.07
45732,Athens,0.0675
45732,Hocking,0.0675
45732,Morgan,0.07
45732,Perry,0.07
45734,Monroe,0.07
45734,Washington,0.07
45735,Athens,0.0675
45739,Athens,0.0675
45740,Athens,0.0675
45741,Meigs,0.065
45741,Vinton,0.07
45742,Athens,0.0675
45742,Washington,0.07
45743,Meigs,0.065
45744,Morgan,0.07
45744,Noble,0.07
45744,Washington,0.07
45745,Monroe,0.07
45745,Noble,0.07
45745,Washington,0.07
45746,Noble,0.07
45746,Washington,0.07
45750,Washington,0.07
45760,Gallia,0.0675
45760,Meigs,0.065
45761,Athens,0.0675
45764,Athens,0.0675
45764,Hocking,0.0675
45766,Athens,0.0675
45766,Vinton,0.07
45767,Monroe,0.07
45767,Washington,0.07
45768,Washington,0.07
45769,Meigs,0.065
45770,Meigs,0.065
45771,Meigs,0.065
45772,Meigs,0.065
45773,Washington,0.07
45775,Meigs,0.065
45776,Athens,0.0675
45776,Meigs,0.065
45777,Athens,0.0675
45778,Athens,0.0675
45779,Meigs,0.065
45780,Athens,0.0675
45782,Athens,0.0675
45783,Meigs,0.065
45784,Washington,0.07
45786,Morgan,0.07
45786,Washington,0.07
45787,Washington,0.07
45788,Washington,0.07
45789,Monroe,0.07
45789,Washington,0.07
45801,Allen,0.065
45802,Allen,0.065
45804,Allen,0.065
45805,Allen,0.065
45806,Allen,0.065
45806,Auglaize,0.07
45807,Allen,0.065
45808,Allen,0.065
45809,Allen,0.065
45810,Allen,0.065
45810,Hancock,0.065
45810,Hardin,0.07
45812,Allen,0.065
45812,Hardin,0.07
45813,Defiance,0.065
45813,Paulding,0.07
45814,Hancock,0.065
45815,Putnam,0.07
45816,Hancock,0.065
45817,Allen,0.065
45817,Hancock,0.065
45817,Putnam,0.07
45819,Auglaize,0.07
45820,Allen,0.065
45821,Defiance,0.065
45821,Paulding,0.07
45822,Auglaize,0.07
45822,Mercer,0.07
45826,Mercer,0.07
45827,Paulding,0.07
45827,Putnam,0.07
45828,Mercer,0.07
45830,Allen,0.065
45830,Putnam,0.07
45831,Defiance,0.065
45831,Henry,0.07
45831,Paulding,0.07
45831,Putnam,0.07
45832,Paulding,0.07
45832,Van Wert,0.07
45833,Allen,0.065
45833,Putnam,0.07
45833,Van Wert,0.07
45835,Hardin,0.07
45836,Hancock,0.065
45836,Hardin,0.07
45837,Putnam,0.07
45838,Van Wert,0.07
45839,Hancock,0.065
45840,Hancock,0.065
45841,Hancock,0.065
45843,Hancock,0.065
45843,Hardin,0.07
45843,Wyandot,0.07
45844,Allen,0.065
45844,Putnam,0.07
45844,Van Wert,0.07
45845,Auglaize,0.07
45845,Darke,0.07
45845,Mercer,0.07
45845,Shelby,0.07
45846,Darke,0.07
45846,Mercer,0.07
45848,Putnam,0.07
45849,Paulding,0.07
45849,Putnam,0.07
45849,Van Wert,0.07
45850,Allen,0.065
45850,Auglaize,0.07
45850,Hardin,0.07
45851,Paulding,0.07
45853,Putnam,0.07
45854,Allen,0.065
45855,Paulding,0.07
45856,Hancock,0.065
45856,Henry,0.07
45856,Putnam,0.07
45858,Hancock,0.065
45859,Hardin,0.07
45860,Darke,0.07
45860,Mercer,0.07
45861,Paulding,0.07
45862,Auglaize,0.07
45862,Mercer,0.07
45863,Van Wert,0.07
45864,Putnam,0.07
45865,Auglaize,0.07
45865,Mercer,0.07
45865,Shelby,0.07
45866,Mercer,0.07
45867,Hancock,0.065
45867,Wyandot,0.07
45868,Hancock,0.065
45868,Putnam,0.07
45869,Auglaize,0.07
45869,Mercer,0.07
45869,Shelby,0.07
45870,Auglaize,0.07
45871,Auglaize,0.07
45871,Shelby,0.07
45872,Hancock,0.065
45872,Wood,0.065
45873,Paulding,0.07
45873,Putnam,0.07
45874,Van Wert,0.07
45875,Putnam,0.07
45876,Putnam,0.07
45877,Allen,0.065
45877,Hancock,0.065
45877,Putnam,0.07
45879,Paulding,0.07
45880,Paulding,0.07
45881,Hancock,0.065
45882,Mercer,0.07
45882,Van Wert,0.07
45883,Darke,0.07
45883,Mercer,0.07
45884,Auglaize,0.07
45885,Auglaize,0.07
45885,Mercer,0.07
45886,Paulding,0.07
45886,Van Wert,0.07
45887,Allen,0.065
45887,Auglaize,0.07
45887,Mercer,0.07
45887,Van Wert,0.07
45888,Auglaize,0.07
45889,Hancock,0.065
45890,Hancock,0.065
45891,Van Wert,0.07
45893,Putnam,0.07
45894,Allen,0.065
45894,Mercer,0.07
45894,Van Wert,0.07
45895,Allen,0.065
45895,Auglaize,0.07
45895,Logan,0.07
45895,Shelby,0.07
45896,Allen,0.065
45896,Auglaize,0.07
45896,Hardin,0.07
45897,Hancock,0.065
45898,Mercer,0.07
45898,Van Wert,0.07
45899,Van Wert,0.07
